time,open,high,low,close,tick_count
2025-05-14 00:00:00,32.950,32.950,32.822,32.887,66
2025-05-14 00:15:00,32.887,32.892,32.803,32.830,73
2025-05-14 00:30:00,32.830,32.849,32.819,32.831,71
2025-05-14 00:45:00,32.828,32.832,32.767,32.799,76
2025-05-14 01:00:00,32.815,32.873,32.785,32.848,61
2025-05-14 01:15:00,32.848,32.868,32.817,32.867,68
2025-05-14 01:30:00,32.870,32.870,32.760,32.788,68
2025-05-14 01:45:00,32.780,32.817,32.769,32.769,54
2025-05-14 02:00:00,32.764,32.780,32.739,32.750,67
2025-05-14 02:15:00,32.745,32.753,32.716,32.716,75
2025-05-14 02:30:00,32.699,32.699,32.624,32.626,59
2025-05-14 02:45:00,32.626,32.669,32.621,32.642,58
2025-05-14 03:00:00,32.654,32.666,32.638,32.656,42
2025-05-14 03:15:00,32.630,32.660,32.614,32.620,29
2025-05-14 03:30:00,32.643,32.665,32.615,32.645,59
2025-05-14 03:45:00,32.645,32.648,32.612,32.638,37
2025-05-14 04:00:00,32.638,32.638,32.584,32.613,54
2025-05-14 04:15:00,32.589,32.630,32.589,32.630,51
2025-05-14 04:30:00,32.634,32.645,32.623,32.626,33
2025-05-14 04:45:00,32.608,32.633,32.590,32.600,34
2025-05-14 05:00:00,32.596,32.666,32.586,32.650,80
2025-05-14 05:15:00,32.650,32.656,32.596,32.607,74
2025-05-14 05:30:00,32.591,32.694,32.590,32.694,63
2025-05-14 05:45:00,32.691,32.734,32.675,32.733,66
2025-05-14 06:00:00,32.733,32.749,32.714,32.721,60
2025-05-14 06:15:00,32.725,32.778,32.725,32.755,45
2025-05-14 06:30:00,32.770,32.790,32.740,32.790,46
2025-05-14 06:45:00,32.782,32.803,32.733,32.733,78
2025-05-14 07:00:00,32.733,32.823,32.733,32.796,88
2025-05-14 07:15:00,32.782,32.794,32.727,32.794,79
2025-05-14 07:30:00,32.798,32.857,32.776,32.786,94
2025-05-14 07:45:00,32.795,32.924,32.789,32.901,100
2025-05-14 08:00:00,32.918,32.935,32.853,32.866,68
2025-05-14 08:15:00,32.851,32.885,32.823,32.852,66
2025-05-14 08:30:00,32.853,32.863,32.818,32.845,76
2025-05-14 08:45:00,32.851,32.886,32.834,32.834,90
2025-05-14 09:00:00,32.817,32.855,32.770,32.804,77
2025-05-14 09:15:00,32.815,32.828,32.791,32.814,90
2025-05-14 09:30:00,32.809,32.823,32.762,32.812,106
2025-05-14 09:45:00,32.810,32.819,32.767,32.790,107
2025-05-14 10:00:00,32.779,32.809,32.772,32.772,103
2025-05-14 10:15:00,32.785,32.811,32.772,32.801,103
2025-05-14 10:30:00,32.801,32.876,32.801,32.837,100
2025-05-14 10:45:00,32.833,32.905,32.816,32.888,116
2025-05-14 11:00:00,32.862,32.925,32.862,32.920,100
2025-05-14 11:15:00,32.920,32.926,32.870,32.893,107
2025-05-14 11:30:00,32.893,32.934,32.888,32.915,110
2025-05-14 11:45:00,32.924,32.924,32.854,32.881,86
2025-05-14 12:00:00,32.875,32.925,32.779,32.779,59
2025-05-14 12:15:00,32.576,32.576,32.422,32.422,12
2025-05-14 12:30:00,32.417,32.428,32.255,32.275,14
2025-05-14 12:45:00,32.263,32.353,32.233,32.233,18
2025-05-14 13:00:00,32.203,32.203,32.193,32.193,2
2025-05-14 13:15:00,32.392,32.392,32.315,32.315,5
2025-05-14 13:30:00,32.412,32.412,32.296,32.296,6
2025-05-14 13:45:00,32.307,32.403,32.307,32.351,7
2025-05-14 14:00:00,32.358,32.384,32.294,32.342,40
2025-05-14 14:15:00,32.352,32.352,32.255,32.318,38
2025-05-14 14:30:00,32.312,32.328,32.221,32.272,54
2025-05-14 14:45:00,32.272,32.291,32.197,32.203,46
2025-05-14 15:00:00,32.214,32.258,32.199,32.234,37
2025-05-14 15:15:00,32.230,32.316,32.217,32.267,70
2025-05-14 15:30:00,32.273,32.306,32.252,32.288,68
2025-05-14 15:45:00,32.288,32.300,32.255,32.300,68
2025-05-14 16:00:00,32.289,32.289,32.237,32.262,74
2025-05-14 16:15:00,32.235,32.278,32.225,32.244,91
2025-05-14 16:30:00,32.244,32.248,32.158,32.210,70
2025-05-14 16:45:00,32.231,32.310,32.218,32.306,66
2025-05-14 17:00:00,32.291,32.313,32.260,32.270,55
2025-05-14 17:15:00,32.270,32.295,32.254,32.295,65
2025-05-14 17:30:00,32.297,32.301,32.266,32.273,52
2025-05-14 17:45:00,32.261,32.270,32.258,32.260,29
2025-05-14 18:00:00,32.225,32.225,32.181,32.181,39
2025-05-14 18:15:00,32.172,32.188,32.172,32.178,52
2025-05-14 18:30:00,32.200,32.200,32.178,32.182,64
2025-05-14 18:45:00,32.175,32.175,32.138,32.151,62
2025-05-14 19:00:00,32.119,32.130,32.092,32.102,81
2025-05-14 19:15:00,32.096,32.130,32.090,32.105,67
2025-05-14 19:30:00,32.103,32.163,32.097,32.133,82
2025-05-14 19:45:00,32.133,32.160,32.112,32.160,69
2025-05-14 20:00:00,32.160,32.182,32.158,32.163,33
2025-05-14 20:15:00,32.173,32.188,32.173,32.188,31
2025-05-14 20:30:00,32.202,32.240,32.202,32.218,67
2025-05-14 20:45:00,32.218,32.239,32.215,32.218,45
2025-05-14 22:00:00,32.219,32.249,32.206,32.219,64
2025-05-14 22:15:00,32.219,32.239,32.208,32.221,51
2025-05-14 22:30:00,32.221,32.224,32.203,32.203,40
2025-05-14 22:45:00,32.205,32.231,32.194,32.222,47
2025-05-14 23:00:00,32.206,32.327,32.100,32.213,30
2025-05-14 23:15:00,32.218,32.218,32.184,32.184,41
2025-05-14 23:30:00,32.184,32.215,32.184,32.215,37
2025-05-14 23:45:00,32.217,32.222,32.193,32.218,50
2025-05-15 00:00:00,32.218,32.225,32.166,32.193,65
2025-05-15 00:15:00,32.193,32.201,32.147,32.150,61
2025-05-15 00:30:00,32.145,32.215,32.135,32.206,66
2025-05-15 00:45:00,32.206,32.252,32.156,32.220,61
2025-05-15 01:00:00,32.270,32.293,32.193,32.291,62
2025-05-15 01:15:00,32.263,32.294,32.217,32.230,55
2025-05-15 01:30:00,32.252,32.252,32.114,32.114,73
2025-05-15 01:45:00,32.130,32.187,32.129,32.129,53
2025-05-15 02:00:00,32.152,32.152,32.092,32.135,38
2025-05-15 02:15:00,32.135,32.135,32.048,32.062,80
2025-05-15 02:30:00,32.056,32.068,31.971,32.000,42
2025-05-15 02:45:00,31.995,32.016,31.961,31.995,83
2025-05-15 03:00:00,31.991,32.020,31.905,31.910,65
2025-05-15 03:15:00,31.852,31.905,31.820,31.895,51
2025-05-15 03:30:00,31.926,31.926,31.883,31.888,78
2025-05-15 03:45:00,31.887,31.925,31.855,31.869,99
2025-05-15 04:00:00,31.863,31.884,31.841,31.863,72
2025-05-15 04:15:00,31.863,31.887,31.836,31.836,77
2025-05-15 04:30:00,31.836,31.846,31.796,31.796,73
2025-05-15 04:45:00,31.796,31.806,31.767,31.767,84
2025-05-15 05:00:00,31.767,31.827,31.766,31.794,92
2025-05-15 05:15:00,31.794,31.841,31.775,31.782,83
2025-05-15 05:30:00,31.734,31.764,31.734,31.761,39
2025-05-15 05:45:00,31.772,31.817,31.767,31.816,49
2025-05-15 06:00:00,31.816,31.888,31.816,31.846,37
2025-05-15 06:15:00,31.846,31.895,31.799,31.879,57
2025-05-15 06:30:00,31.879,31.931,31.868,31.906,65
2025-05-15 06:45:00,31.911,31.973,31.910,31.929,67
2025-05-15 07:00:00,31.943,31.971,31.891,31.923,69
2025-05-15 07:15:00,31.922,31.925,31.848,31.860,87
2025-05-15 07:30:00,31.868,31.868,31.695,31.699,81
2025-05-15 07:45:00,31.698,31.797,31.664,31.791,54
2025-05-15 08:00:00,31.791,31.923,31.747,31.923,69
2025-05-15 08:15:00,31.923,31.939,31.876,31.921,77
2025-05-15 08:30:00,31.935,31.935,31.883,31.885,85
2025-05-15 08:45:00,31.885,31.940,31.868,31.913,95
2025-05-15 09:00:00,31.924,31.980,31.877,31.942,87
2025-05-15 09:15:00,31.942,32.091,31.942,32.034,88
2025-05-15 09:30:00,32.029,32.038,31.980,32.026,73
2025-05-15 09:45:00,32.026,32.026,31.952,31.971,109
2025-05-15 10:00:00,31.977,32.105,31.956,32.097,92
2025-05-15 10:15:00,32.085,32.102,32.030,32.037,102
2025-05-15 10:30:00,32.033,32.070,32.033,32.059,87
2025-05-15 10:45:00,32.078,32.092,32.026,32.092,104
2025-05-15 11:00:00,32.081,32.123,32.081,32.114,87
2025-05-15 11:15:00,32.114,32.123,32.063,32.088,101
2025-05-15 11:30:00,32.090,32.162,32.090,32.138,101
2025-05-15 11:45:00,32.150,32.213,32.150,32.179,109
2025-05-15 12:00:00,32.171,32.182,32.107,32.121,75
2025-05-15 12:15:00,32.124,32.174,32.077,32.164,74
2025-05-15 12:30:00,32.163,32.231,32.149,32.188,39
2025-05-15 12:45:00,32.200,32.200,32.128,32.174,43
2025-05-15 13:00:00,32.225,32.229,32.144,32.165,30
2025-05-15 13:15:00,32.156,32.224,32.156,32.212,38
2025-05-15 13:30:00,32.166,32.217,32.149,32.174,20
2025-05-15 13:45:00,32.151,32.249,32.136,32.240,22
2025-05-15 14:00:00,32.235,32.281,32.165,32.226,30
2025-05-15 14:15:00,32.229,32.324,32.219,32.274,36
2025-05-15 14:30:00,32.266,32.312,32.242,32.293,48
2025-05-15 14:45:00,32.278,32.361,32.277,32.354,79
2025-05-15 15:00:00,32.350,32.415,32.349,32.396,56
2025-05-15 15:15:00,32.418,32.449,32.393,32.449,54
2025-05-15 15:30:00,32.461,32.468,32.401,32.419,92
2025-05-15 15:45:00,32.427,32.531,32.427,32.531,65
2025-05-15 16:00:00,32.536,32.554,32.488,32.506,87
2025-05-15 16:15:00,32.501,32.532,32.497,32.498,95
2025-05-15 16:30:00,32.498,32.537,32.483,32.530,91
2025-05-15 16:45:00,32.530,32.541,32.507,32.540,67
2025-05-15 17:00:00,32.540,32.559,32.522,32.528,58
2025-05-15 17:15:00,32.528,32.542,32.512,32.532,86
2025-05-15 17:30:00,32.531,32.539,32.472,32.481,95
2025-05-15 17:45:00,32.473,32.504,32.467,32.483,112
2025-05-15 18:00:00,32.487,32.516,32.476,32.506,100
2025-05-15 18:15:00,32.510,32.521,32.461,32.478,116
2025-05-15 18:30:00,32.475,32.501,32.460,32.490,114
2025-05-15 18:45:00,32.494,32.494,32.449,32.461,107
2025-05-15 19:00:00,32.454,32.478,32.452,32.459,101
2025-05-15 19:15:00,32.462,32.518,32.458,32.513,114
2025-05-15 19:30:00,32.510,32.560,32.509,32.560,100
2025-05-15 19:45:00,32.560,32.583,32.536,32.568,102
2025-05-15 20:00:00,32.576,32.636,32.576,32.610,54
2025-05-15 20:15:00,32.605,32.614,32.595,32.614,58
2025-05-15 20:30:00,32.607,32.635,32.602,32.624,71
2025-05-15 20:45:00,32.622,32.657,32.622,32.646,56
2025-05-15 22:00:00,32.642,32.664,32.630,32.636,84
2025-05-15 22:15:00,32.629,32.657,32.622,32.622,14
2025-05-16 05:45:00,32.622,32.622,32.426,32.443,19
2025-05-16 06:00:00,32.454,32.476,32.443,32.471,63
2025-05-16 06:15:00,32.466,32.467,32.394,32.394,63
2025-05-16 06:30:00,32.394,32.417,32.370,32.395,85
2025-05-16 06:45:00,32.377,32.384,32.357,32.378,39
2025-05-16 07:00:00,32.391,32.393,32.326,32.350,62
2025-05-16 07:15:00,32.344,32.344,32.307,32.341,58
2025-05-16 07:30:00,32.338,32.379,32.309,32.362,84
2025-05-16 07:45:00,32.367,32.367,32.293,32.315,86
2025-05-16 08:00:00,32.291,32.309,32.229,32.232,95
2025-05-16 08:15:00,32.236,32.265,32.209,32.265,95
2025-05-16 08:30:00,32.259,32.287,32.239,32.274,126
2025-05-16 08:45:00,32.266,32.281,32.235,32.257,108
2025-05-16 09:00:00,32.265,32.289,32.222,32.289,105
2025-05-16 09:15:00,32.279,32.315,32.272,32.308,102
2025-05-16 09:30:00,32.297,32.308,32.255,32.289,106
2025-05-16 09:45:00,32.289,32.321,32.283,32.310,90
2025-05-16 10:00:00,32.306,32.309,32.199,32.200,106
2025-05-16 10:15:00,32.239,32.243,32.189,32.217,76
2025-05-16 10:30:00,32.241,32.247,32.194,32.210,90
2025-05-16 10:45:00,32.210,32.212,32.119,32.137,45
2025-05-16 11:00:00,32.125,32.125,32.047,32.047,55
2025-05-16 11:15:00,32.047,32.090,32.011,32.027,85
2025-05-16 11:30:00,32.017,32.110,32.017,32.074,82
2025-05-16 11:45:00,32.053,32.070,31.957,31.983,51
2025-05-16 12:00:00,31.955,31.989,31.922,31.938,39
2025-05-16 12:15:00,31.945,32.051,31.945,31.985,42
2025-05-16 12:30:00,31.949,32.022,31.867,31.950,36
2025-05-16 12:45:00,31.962,31.999,31.930,31.964,76
2025-05-16 13:00:00,32.035,32.096,32.035,32.077,13
2025-05-16 13:15:00,32.101,32.131,32.078,32.130,23
2025-05-16 13:30:00,32.135,32.281,32.115,32.262,24
2025-05-16 13:45:00,32.229,32.292,32.229,32.254,21
2025-05-16 14:00:00,32.265,32.314,32.217,32.243,23
2025-05-16 14:15:00,32.231,32.249,32.153,32.177,34
2025-05-16 14:30:00,32.193,32.193,32.032,32.032,27
2025-05-16 14:45:00,32.038,32.084,32.002,32.027,51
2025-05-16 15:00:00,32.045,32.068,32.013,32.029,76
2025-05-16 15:15:00,32.037,32.054,32.001,32.054,83
2025-05-16 15:30:00,32.054,32.118,32.046,32.100,89
2025-05-16 15:45:00,32.097,32.208,32.069,32.199,77
2025-05-16 16:00:00,32.192,32.220,32.168,32.210,91
2025-05-16 16:15:00,32.221,32.229,32.190,32.215,108
2025-05-16 16:30:00,32.220,32.228,32.218,32.228,5
2025-05-17 21:15:00,32.222,32.222,32.222,32.222,1
2025-05-18 22:00:00,32.355,32.355,32.276,32.337,63
2025-05-18 22:15:00,32.352,32.437,32.326,32.398,86
2025-05-18 22:30:00,32.438,32.438,32.375,32.422,90
2025-05-18 22:45:00,32.428,32.482,32.419,32.456,89
2025-05-18 23:00:00,32.458,32.488,32.434,32.488,71
2025-05-18 23:15:00,32.488,32.520,32.462,32.495,56
2025-05-18 23:30:00,32.495,32.505,32.438,32.474,71
2025-05-18 23:45:00,32.468,32.486,32.404,32.486,58
2025-05-19 00:00:00,32.475,32.542,32.446,32.530,66
2025-05-19 00:15:00,32.533,32.533,32.511,32.531,42
2025-05-19 00:30:00,32.523,32.538,32.511,32.515,26
2025-05-19 00:45:00,32.539,32.547,32.503,32.535,32
2025-05-19 01:00:00,32.551,32.551,32.423,32.433,44
2025-05-19 01:15:00,32.433,32.438,32.401,32.401,70
2025-05-19 01:30:00,32.391,32.467,32.380,32.465,76
2025-05-19 01:45:00,32.440,32.440,32.402,32.410,54
2025-05-19 02:00:00,32.410,32.450,32.406,32.421,84
2025-05-19 02:15:00,32.426,32.449,32.414,32.414,83
2025-05-19 02:30:00,32.393,32.393,32.350,32.384,58
2025-05-19 02:45:00,32.384,32.420,32.371,32.420,83
2025-05-19 03:00:00,32.420,32.443,32.398,32.436,44
2025-05-19 03:15:00,32.436,32.447,32.419,32.419,45
2025-05-19 03:30:00,32.413,32.413,32.347,32.347,65
2025-05-19 03:45:00,32.334,32.334,32.273,32.283,76
2025-05-19 04:00:00,32.283,32.309,32.267,32.309,57
2025-05-19 04:15:00,32.316,32.342,32.316,32.336,37
2025-05-19 04:30:00,32.342,32.352,32.331,32.331,43
2025-05-19 04:45:00,32.343,32.364,32.338,32.358,37
2025-05-19 05:00:00,32.358,32.425,32.352,32.382,63
2025-05-19 05:15:00,32.395,32.423,32.390,32.423,50
2025-05-19 05:30:00,32.423,32.423,32.356,32.385,81
2025-05-19 05:45:00,32.385,32.401,32.355,32.401,50
2025-05-19 06:00:00,32.377,32.460,32.377,32.453,83
2025-05-19 06:15:00,32.471,32.478,32.446,32.453,75
2025-05-19 06:30:00,32.450,32.480,32.425,32.437,68
2025-05-19 06:45:00,32.437,32.471,32.424,32.424,76
2025-05-19 07:00:00,32.435,32.509,32.435,32.490,96
2025-05-19 07:15:00,32.485,32.517,32.470,32.506,99
2025-05-19 07:30:00,32.499,32.506,32.421,32.454,92
2025-05-19 07:45:00,32.454,32.488,32.441,32.462,99
2025-05-19 08:00:00,32.471,32.504,32.427,32.504,93
2025-05-19 08:15:00,32.505,32.547,32.489,32.500,77
2025-05-19 08:30:00,32.506,32.527,32.478,32.525,114
2025-05-19 08:45:00,32.531,32.604,32.524,32.604,93
2025-05-19 09:00:00,32.578,32.612,32.521,32.522,84
2025-05-19 09:15:00,32.523,32.532,32.475,32.513,102
2025-05-19 09:30:00,32.509,32.533,32.488,32.523,79
2025-05-19 09:45:00,32.523,32.550,32.501,32.545,114
2025-05-19 10:00:00,32.546,32.557,32.476,32.514,97
2025-05-19 10:15:00,32.511,32.558,32.455,32.558,107
2025-05-19 10:30:00,32.568,32.589,32.538,32.589,77
2025-05-19 10:45:00,32.589,32.612,32.563,32.571,91
2025-05-19 11:00:00,32.576,32.612,32.520,32.593,97
2025-05-19 11:15:00,32.601,32.605,32.576,32.591,109
2025-05-19 11:30:00,32.586,32.614,32.582,32.585,112
2025-05-19 11:45:00,32.585,32.612,32.562,32.604,110
2025-05-19 12:00:00,32.593,32.615,32.567,32.608,102
2025-05-19 12:15:00,32.608,32.622,32.561,32.599,98
2025-05-19 12:30:00,32.599,32.612,32.509,32.546,82
2025-05-19 12:45:00,32.546,32.565,32.382,32.382,66
2025-05-19 13:00:00,32.400,32.403,32.344,32.344,50
2025-05-19 13:15:00,32.404,32.404,32.339,32.381,53
2025-05-19 13:30:00,32.357,32.387,32.300,32.339,27
2025-05-19 13:45:00,32.352,32.364,32.290,32.320,46
2025-05-19 14:00:00,32.330,32.331,32.235,32.253,46
2025-05-19 14:15:00,32.260,32.377,32.259,32.369,57
2025-05-19 14:30:00,32.369,32.392,32.340,32.340,62
2025-05-19 14:45:00,32.353,32.391,32.349,32.378,67
2025-05-19 15:00:00,32.378,32.384,32.348,32.378,97
2025-05-19 15:15:00,32.397,32.399,32.347,32.389,109
2025-05-19 15:30:00,32.382,32.389,32.357,32.379,81
2025-05-19 15:45:00,32.395,32.476,32.395,32.416,76
2025-05-19 16:00:00,32.422,32.422,32.379,32.397,102
2025-05-19 16:15:00,32.397,32.407,32.343,32.345,95
2025-05-19 16:30:00,32.352,32.414,32.349,32.402,108
2025-05-19 16:45:00,32.402,32.427,32.392,32.393,89
2025-05-19 17:00:00,32.393,32.399,32.361,32.375,81
2025-05-19 17:15:00,32.375,32.389,32.350,32.376,80
2025-05-19 17:30:00,32.382,32.387,32.305,32.308,77
2025-05-19 17:45:00,32.314,32.347,32.310,32.320,98
2025-05-19 18:00:00,32.320,32.345,32.309,32.334,79
2025-05-19 18:15:00,32.334,32.359,32.331,32.354,89
2025-05-19 18:30:00,32.351,32.395,32.347,32.372,60
2025-05-19 18:45:00,32.372,32.383,32.372,32.378,69
2025-05-19 19:00:00,32.378,32.391,32.365,32.387,92
2025-05-19 19:15:00,32.387,32.392,32.369,32.379,87
2025-05-19 19:30:00,32.384,32.387,32.353,32.362,82
2025-05-19 19:45:00,32.377,32.377,32.343,32.364,51
2025-05-19 20:00:00,32.356,32.377,32.356,32.377,54
2025-05-19 20:15:00,32.377,32.377,32.356,32.356,12
2025-05-19 20:30:00,32.347,32.347,32.347,32.347,7
2025-05-19 20:45:00,32.370,32.370,32.349,32.349,46
2025-05-19 22:00:00,32.358,32.365,32.324,32.352,50
2025-05-19 22:15:00,32.352,32.356,32.342,32.346,20
2025-05-19 22:30:00,32.356,32.356,32.328,32.339,24
2025-05-19 22:45:00,32.339,32.355,32.339,32.350,34
2025-05-19 23:00:00,32.355,32.355,32.344,32.344,37
2025-05-19 23:15:00,32.355,32.355,32.337,32.337,39
2025-05-19 23:30:00,32.337,32.362,32.337,32.352,62
2025-05-19 23:45:00,32.352,32.358,32.350,32.358,27
2025-05-20 00:00:00,32.362,32.365,32.341,32.362,37
2025-05-20 00:15:00,32.341,32.341,32.325,32.330,28
2025-05-20 00:30:00,32.336,32.340,32.309,32.340,52
2025-05-20 00:45:00,32.342,32.349,32.325,32.339,30
2025-05-20 01:00:00,32.345,32.382,32.306,32.380,46
2025-05-20 01:15:00,32.377,32.382,32.293,32.301,31
2025-05-20 01:30:00,32.308,32.407,32.304,32.368,54
2025-05-20 01:45:00,32.353,32.353,32.305,32.320,51
2025-05-20 02:00:00,32.318,32.329,32.217,32.232,45
2025-05-20 02:15:00,32.220,32.246,32.209,32.236,77
2025-05-20 02:30:00,32.232,32.249,32.209,32.225,51
2025-05-20 02:45:00,32.227,32.273,32.215,32.229,69
2025-05-20 03:00:00,32.219,32.246,32.219,32.221,47
2025-05-20 03:15:00,32.246,32.254,32.233,32.247,26
2025-05-20 03:30:00,32.247,32.247,32.188,32.196,59
2025-05-20 03:45:00,32.197,32.212,32.177,32.182,57
2025-05-20 04:00:00,32.182,32.195,32.174,32.195,42
2025-05-20 04:15:00,32.195,32.202,32.182,32.199,47
2025-05-20 04:30:00,32.199,32.199,32.141,32.161,56
2025-05-20 04:45:00,32.151,32.237,32.151,32.217,61
2025-05-20 05:00:00,32.217,32.298,32.217,32.244,82
2025-05-20 05:15:00,32.244,32.297,32.244,32.297,84
2025-05-20 05:30:00,32.279,32.321,32.256,32.265,74
2025-05-20 05:45:00,32.265,32.275,32.219,32.266,81
2025-05-20 06:00:00,32.266,32.284,32.233,32.277,73
2025-05-20 06:15:00,32.277,32.317,32.223,32.229,58
2025-05-20 06:30:00,32.249,32.249,32.168,32.183,66
2025-05-20 06:45:00,32.188,32.201,32.152,32.181,87
2025-05-20 07:00:00,32.176,32.188,32.142,32.144,104
2025-05-20 07:15:00,32.144,32.184,32.140,32.161,98
2025-05-20 07:30:00,32.176,32.293,32.162,32.276,103
2025-05-20 07:45:00,32.269,32.314,32.269,32.286,82
2025-05-20 08:00:00,32.286,32.294,32.247,32.268,89
2025-05-20 08:15:00,32.268,32.332,32.268,32.311,107
2025-05-20 08:30:00,32.321,32.378,32.320,32.340,109
2025-05-20 08:45:00,32.350,32.402,32.335,32.399,102
2025-05-20 09:00:00,32.406,32.413,32.371,32.388,89
2025-05-20 09:15:00,32.388,32.412,32.369,32.379,88
2025-05-20 09:30:00,32.379,32.418,32.363,32.402,108
2025-05-20 09:45:00,32.402,32.424,32.400,32.419,106
2025-05-20 10:00:00,32.404,32.418,32.389,32.413,85
2025-05-20 10:15:00,32.413,32.440,32.394,32.436,94
2025-05-20 10:30:00,32.435,32.460,32.432,32.460,93
2025-05-20 10:45:00,32.481,32.513,32.477,32.494,118
2025-05-20 11:00:00,32.496,32.534,32.490,32.534,74
2025-05-20 11:15:00,32.538,32.564,32.524,32.533,84
2025-05-20 11:30:00,32.533,32.592,32.526,32.529,99
2025-05-20 11:45:00,32.529,32.555,32.502,32.553,88
2025-05-20 12:00:00,32.553,32.580,32.483,32.493,104
2025-05-20 12:15:00,32.493,32.573,32.463,32.566,91
2025-05-20 12:30:00,32.573,32.622,32.564,32.599,82
2025-05-20 12:45:00,32.599,32.652,32.596,32.605,82
2025-05-20 13:00:00,32.545,32.545,32.440,32.452,31
2025-05-20 13:15:00,32.456,32.508,32.456,32.468,60
2025-05-20 13:30:00,32.480,32.527,32.447,32.522,23
2025-05-20 13:45:00,32.493,32.609,32.461,32.609,31
2025-05-20 14:00:00,32.682,32.817,32.682,32.817,9
2025-05-20 14:15:00,32.827,32.909,32.806,32.806,26
2025-05-20 14:30:00,32.821,32.883,32.778,32.859,53
2025-05-20 14:45:00,32.844,32.884,32.796,32.876,72
2025-05-20 15:00:00,32.872,32.875,32.804,32.860,58
2025-05-20 15:15:00,32.873,32.904,32.847,32.869,90
2025-05-20 15:30:00,32.877,32.880,32.836,32.876,95
2025-05-20 15:45:00,32.872,32.873,32.840,32.867,95
2025-05-20 16:00:00,32.863,32.911,32.850,32.902,106
2025-05-20 16:15:00,32.895,32.962,32.870,32.939,94
2025-05-20 16:30:00,32.947,32.952,32.902,32.952,104
2025-05-20 16:45:00,32.951,32.998,32.942,32.981,95
2025-05-20 17:00:00,32.986,33.006,32.978,32.986,90
2025-05-20 17:15:00,32.983,33.012,32.975,32.993,93
2025-05-20 17:30:00,32.997,33.036,32.993,33.026,80
2025-05-20 17:45:00,33.035,33.035,33.006,33.031,92
2025-05-20 18:00:00,33.031,33.051,33.024,33.031,76
2025-05-20 18:15:00,33.031,33.037,33.012,33.012,55
2025-05-20 18:30:00,33.000,33.027,32.983,33.027,82
2025-05-20 18:45:00,33.026,33.041,33.015,33.015,97
2025-05-20 19:00:00,33.014,33.049,33.003,33.042,70
2025-05-20 19:15:00,33.054,33.104,33.053,33.104,84
2025-05-20 19:30:00,33.104,33.118,33.091,33.118,78
2025-05-20 19:45:00,33.118,33.135,33.095,33.126,69
2025-05-20 20:00:00,33.126,33.129,33.108,33.108,39
2025-05-20 20:15:00,33.108,33.122,33.094,33.097,47
2025-05-20 20:30:00,33.097,33.102,33.075,33.089,33
2025-05-20 20:45:00,33.084,33.111,33.079,33.105,41
2025-05-20 22:00:00,33.088,33.134,33.049,33.122,95
2025-05-20 22:15:00,33.118,33.138,33.084,33.115,82
2025-05-20 22:30:00,33.115,33.147,33.115,33.122,84
2025-05-20 22:45:00,33.126,33.140,33.126,33.133,52
2025-05-20 23:00:00,33.133,33.152,33.081,33.152,64
2025-05-20 23:15:00,33.152,33.155,33.127,33.127,71
2025-05-20 23:30:00,33.137,33.141,33.120,33.136,28
2025-05-20 23:45:00,33.119,33.141,33.110,33.110,61
2025-05-21 00:00:00,33.102,33.136,33.085,33.136,45
2025-05-21 00:15:00,33.136,33.174,33.112,33.170,49
2025-05-21 00:30:00,33.169,33.169,33.149,33.164,61
2025-05-21 00:45:00,33.153,33.163,33.125,33.163,49
2025-05-21 01:00:00,33.138,33.138,33.018,33.028,30
2025-05-21 01:15:00,33.021,33.021,32.941,32.949,50
2025-05-21 01:30:00,32.945,33.020,32.932,33.020,68
2025-05-21 01:45:00,33.022,33.055,32.993,32.993,52
2025-05-21 02:00:00,32.998,33.030,32.980,33.030,61
2025-05-21 02:15:00,33.005,33.010,32.975,32.996,73
2025-05-21 02:30:00,32.980,33.055,32.980,33.050,54
2025-05-21 02:45:00,33.062,33.073,33.002,33.005,68
2025-05-21 03:00:00,32.993,33.065,32.993,33.065,64
2025-05-21 03:15:00,33.065,33.069,33.047,33.056,30
2025-05-21 03:30:00,33.053,33.053,33.028,33.045,22
2025-05-21 03:45:00,33.026,33.059,33.026,33.054,56
2025-05-21 04:00:00,33.033,33.072,33.023,33.057,48
2025-05-21 04:15:00,33.057,33.081,33.026,33.060,75
2025-05-21 04:30:00,33.055,33.091,33.055,33.090,53
2025-05-21 04:45:00,33.090,33.122,33.065,33.081,68
2025-05-21 05:00:00,33.081,33.111,33.051,33.081,96
2025-05-21 05:15:00,33.078,33.142,33.056,33.135,50
2025-05-21 05:30:00,33.135,33.158,33.094,33.145,81
2025-05-21 05:45:00,33.164,33.184,33.144,33.174,55
2025-05-21 06:00:00,33.174,33.177,33.106,33.138,76
2025-05-21 06:15:00,33.138,33.186,33.121,33.186,46
2025-05-21 06:30:00,33.186,33.186,33.145,33.161,64
2025-05-21 06:45:00,33.162,33.180,33.142,33.159,54
2025-05-21 07:00:00,33.139,33.158,33.084,33.084,71
2025-05-21 07:15:00,33.080,33.167,33.071,33.167,67
2025-05-21 07:30:00,33.172,33.195,33.150,33.195,76
2025-05-21 07:45:00,33.185,33.196,33.163,33.185,92
2025-05-21 08:00:00,33.185,33.189,33.122,33.129,89
2025-05-21 08:15:00,33.120,33.192,33.113,33.162,87
2025-05-21 08:30:00,33.162,33.203,33.156,33.187,84
2025-05-21 08:45:00,33.187,33.187,33.139,33.153,89
2025-05-21 09:00:00,33.153,33.183,33.153,33.158,88
2025-05-21 09:15:00,33.158,33.186,33.158,33.176,94
2025-05-21 09:30:00,33.176,33.196,33.118,33.118,88
2025-05-21 09:45:00,33.118,33.160,33.118,33.159,102
2025-05-21 10:00:00,33.159,33.184,33.144,33.157,96
2025-05-21 10:15:00,33.161,33.215,33.155,33.210,101
2025-05-21 10:30:00,33.200,33.200,33.150,33.152,97
2025-05-21 10:45:00,33.140,33.163,33.107,33.157,109
2025-05-21 11:00:00,33.158,33.218,33.114,33.122,94
2025-05-21 11:15:00,33.116,33.173,33.114,33.166,105
2025-05-21 11:30:00,33.170,33.173,33.113,33.140,117
2025-05-21 11:45:00,33.135,33.157,33.087,33.120,116
2025-05-21 12:00:00,33.120,33.155,33.108,33.117,99
2025-05-21 12:15:00,33.117,33.209,33.115,33.139,81
2025-05-21 12:30:00,33.158,33.162,33.001,33.138,37
2025-05-21 12:45:00,33.133,33.188,33.117,33.157,78
2025-05-21 13:00:00,33.159,33.222,33.159,33.207,42
2025-05-21 13:15:00,33.218,33.218,33.164,33.183,62
2025-05-21 13:30:00,33.196,33.235,33.180,33.220,48
2025-05-21 13:45:00,33.223,33.227,33.125,33.179,37
2025-05-21 14:00:00,33.164,33.164,33.107,33.152,34
2025-05-21 14:15:00,33.158,33.274,33.143,33.249,71
2025-05-21 14:30:00,33.247,33.269,33.201,33.255,77
2025-05-21 14:45:00,33.260,33.359,33.234,33.356,80
2025-05-21 15:00:00,33.359,33.482,33.330,33.482,45
2025-05-21 15:15:00,33.482,33.515,33.460,33.462,82
2025-05-21 15:30:00,33.473,33.489,33.409,33.427,90
2025-05-21 15:45:00,33.439,33.447,33.385,33.416,100
2025-05-21 16:00:00,33.402,33.472,33.400,33.445,103
2025-05-21 16:15:00,33.445,33.452,33.419,33.432,105
2025-05-21 16:30:00,33.427,33.456,33.413,33.437,106
2025-05-21 16:45:00,33.441,33.471,33.419,33.424,104
2025-05-21 17:00:00,33.427,33.519,33.427,33.509,114
2025-05-21 17:15:00,33.514,33.515,33.332,33.342,58
2025-05-21 17:30:00,33.312,33.378,33.264,33.369,44
2025-05-21 17:45:00,33.374,33.393,33.325,33.393,87
2025-05-21 18:00:00,33.375,33.389,33.336,33.359,76
2025-05-21 18:15:00,33.371,33.381,33.348,33.379,87
2025-05-21 18:30:00,33.374,33.425,33.371,33.424,112
2025-05-21 18:45:00,33.424,33.425,33.382,33.406,111
2025-05-21 19:00:00,33.422,33.503,33.411,33.500,92
2025-05-21 19:15:00,33.500,33.537,33.478,33.531,104
2025-05-21 19:30:00,33.530,33.555,33.522,33.555,103
2025-05-21 19:45:00,33.555,33.560,33.510,33.551,120
2025-05-21 20:00:00,33.547,33.575,33.529,33.533,108
2025-05-21 20:15:00,33.523,33.530,33.481,33.489,99
2025-05-21 20:30:00,33.480,33.489,33.452,33.452,82
2025-05-21 20:45:00,33.449,33.454,33.378,33.382,101
2025-05-21 22:00:00,33.419,33.479,33.419,33.448,76
2025-05-21 22:15:00,33.448,33.457,33.427,33.457,66
2025-05-21 22:30:00,33.463,33.466,33.443,33.462,66
2025-05-21 22:45:00,33.462,33.488,33.442,33.474,93
2025-05-21 23:00:00,33.478,33.513,33.453,33.493,94
2025-05-21 23:15:00,33.493,33.527,33.486,33.508,90
2025-05-21 23:30:00,33.508,33.512,33.471,33.484,101
2025-05-21 23:45:00,33.484,33.496,33.426,33.450,96
2025-05-22 00:00:00,33.454,33.548,33.434,33.524,105
2025-05-22 00:15:00,33.504,33.515,33.465,33.482,100
2025-05-22 00:30:00,33.482,33.506,33.465,33.497,107
2025-05-22 00:45:00,33.497,33.514,33.474,33.506,99
2025-05-22 01:00:00,33.446,33.496,33.422,33.431,60
2025-05-22 01:15:00,33.435,33.532,33.435,33.522,80
2025-05-22 01:30:00,33.549,33.550,33.502,33.550,81
2025-05-22 01:45:00,33.545,33.562,33.505,33.529,92
2025-05-22 02:00:00,33.535,33.547,33.511,33.526,83
2025-05-22 02:15:00,33.535,33.561,33.519,33.555,102
2025-05-22 02:30:00,33.551,33.572,33.500,33.571,92
2025-05-22 02:45:00,33.578,33.586,33.555,33.562,105
2025-05-22 03:00:00,33.562,33.612,33.535,33.585,104
2025-05-22 03:15:00,33.596,33.609,33.579,33.587,105
2025-05-22 03:30:00,33.589,33.609,33.568,33.609,82
2025-05-22 03:45:00,33.601,33.614,33.576,33.588,95
2025-05-22 04:00:00,33.588,33.619,33.579,33.609,91
2025-05-22 04:15:00,33.609,33.646,33.604,33.646,85
2025-05-22 04:30:00,33.646,33.697,33.646,33.691,102
2025-05-22 04:45:00,33.691,33.699,33.652,33.671,116
2025-05-22 05:00:00,33.678,33.700,33.644,33.666,87
2025-05-22 05:15:00,33.683,33.697,33.645,33.658,89
2025-05-22 05:30:00,33.669,33.674,33.609,33.663,100
2025-05-22 05:45:00,33.640,33.655,33.545,33.621,88
2025-05-22 06:00:00,33.621,33.648,33.568,33.573,102
2025-05-22 06:15:00,33.566,33.566,33.459,33.504,99
2025-05-22 06:30:00,33.520,33.525,33.487,33.501,109
2025-05-22 06:45:00,33.501,33.512,33.468,33.486,111
2025-05-22 07:00:00,33.495,33.518,33.446,33.463,112
2025-05-22 07:15:00,33.463,33.532,33.463,33.530,106
2025-05-22 07:30:00,33.518,33.555,33.473,33.475,64
2025-05-22 07:45:00,33.468,33.501,33.463,33.472,118
2025-05-22 08:00:00,33.474,33.474,33.436,33.437,103
2025-05-22 08:15:00,33.441,33.457,33.343,33.421,91
2025-05-22 08:30:00,33.412,33.465,33.388,33.436,82
2025-05-22 08:45:00,33.414,33.430,33.342,33.348,94
2025-05-22 09:00:00,33.336,33.345,33.227,33.285,80
2025-05-22 09:15:00,33.282,33.282,33.179,33.207,86
2025-05-22 09:30:00,33.207,33.261,33.207,33.236,102
2025-05-22 09:45:00,33.222,33.260,33.208,33.209,105
2025-05-22 10:00:00,33.209,33.222,33.165,33.177,108
2025-05-22 10:15:00,33.169,33.173,33.100,33.109,94
2025-05-22 10:30:00,33.103,33.107,32.978,32.989,76
2025-05-22 10:45:00,32.994,33.026,32.733,32.733,50
2025-05-22 11:00:00,32.673,32.790,32.657,32.790,43
2025-05-22 11:15:00,32.775,32.775,32.678,32.702,71
2025-05-22 11:30:00,32.666,32.795,32.614,32.776,74
2025-05-22 11:45:00,32.772,32.861,32.720,32.838,61
2025-05-22 12:00:00,32.861,32.862,32.729,32.744,59
2025-05-22 12:15:00,32.771,32.881,32.730,32.816,58
2025-05-22 12:30:00,32.806,33.009,32.805,33.009,49
2025-05-22 12:45:00,33.002,33.097,32.985,33.097,51
2025-05-22 13:00:00,33.156,33.201,33.097,33.111,23
2025-05-22 13:15:00,33.090,33.124,33.020,33.057,41
2025-05-22 13:30:00,33.047,33.047,32.946,33.005,13
2025-05-22 13:45:00,32.932,32.968,32.823,32.823,26
2025-05-22 14:00:00,32.835,32.920,32.835,32.899,11
2025-05-22 14:15:00,32.906,32.984,32.906,32.984,41
2025-05-22 14:30:00,32.991,33.027,32.958,33.008,58
2025-05-22 14:45:00,32.991,33.006,32.952,32.960,49
2025-05-22 15:00:00,32.960,32.984,32.867,32.908,25
2025-05-22 15:15:00,32.942,33.013,32.927,32.993,66
2025-05-22 15:30:00,32.996,33.005,32.959,32.979,89
2025-05-22 15:45:00,32.984,33.037,32.984,33.021,102
2025-05-22 16:00:00,33.025,33.059,33.006,33.059,95
2025-05-22 16:15:00,33.053,33.084,33.039,33.062,95
2025-05-22 16:30:00,33.062,33.100,33.035,33.081,86
2025-05-22 16:45:00,33.082,33.094,33.064,33.076,98
2025-05-22 17:00:00,33.077,33.084,33.026,33.066,96
2025-05-22 17:15:00,33.070,33.106,33.040,33.082,87
2025-05-22 17:30:00,33.082,33.088,33.030,33.074,114
2025-05-22 17:45:00,33.067,33.120,33.067,33.116,107
2025-05-22 18:00:00,33.117,33.125,33.106,33.118,111
2025-05-22 18:15:00,33.120,33.120,33.087,33.112,100
2025-05-22 18:30:00,33.114,33.122,33.099,33.099,86
2025-05-22 18:45:00,33.101,33.126,33.101,33.114,105
2025-05-22 19:00:00,33.114,33.135,33.111,33.113,103
2025-05-22 19:15:00,33.110,33.117,33.035,33.038,99
2025-05-22 19:30:00,33.033,33.074,33.030,33.060,101
2025-05-22 19:45:00,33.066,33.066,33.024,33.041,106
2025-05-22 20:00:00,33.037,33.043,33.019,33.032,100
2025-05-22 20:15:00,33.031,33.045,33.026,33.041,63
2025-05-22 20:30:00,33.041,33.065,33.031,33.057,77
2025-05-22 20:45:00,33.049,33.061,33.036,33.048,68
2025-05-22 22:00:00,33.062,33.079,33.026,33.072,95
2025-05-22 22:15:00,33.056,33.067,33.040,33.040,59
2025-05-22 22:30:00,33.040,33.062,33.027,33.057,69
2025-05-22 22:45:00,33.062,33.087,33.033,33.087,75
2025-05-22 23:00:00,33.089,33.089,33.056,33.056,76
2025-05-22 23:15:00,33.056,33.068,33.050,33.055,62
2025-05-22 23:30:00,33.055,33.065,33.028,33.047,65
2025-05-22 23:45:00,33.047,33.070,33.033,33.045,65
2025-05-23 00:00:00,33.044,33.095,33.035,33.076,104
2025-05-23 00:15:00,33.076,33.091,33.050,33.071,103
2025-05-23 00:30:00,33.071,33.111,33.071,33.082,107
2025-05-23 00:45:00,33.082,33.092,33.026,33.055,94
2025-05-23 01:00:00,33.055,33.108,33.047,33.097,73
2025-05-23 01:15:00,33.097,33.139,33.070,33.127,99
2025-05-23 01:30:00,33.122,33.141,33.080,33.136,91
2025-05-23 01:45:00,33.136,33.145,33.087,33.134,85
2025-05-23 02:00:00,33.134,33.140,33.107,33.132,99
2025-05-23 02:15:00,33.132,33.137,33.090,33.097,97
2025-05-23 02:30:00,33.082,33.082,33.022,33.029,82
2025-05-23 02:45:00,33.029,33.096,33.029,33.096,102
2025-05-23 03:00:00,33.096,33.131,33.087,33.109,104
2025-05-23 03:15:00,33.109,33.146,33.109,33.127,107
2025-05-23 03:30:00,33.105,33.155,33.097,33.140,101
2025-05-23 03:45:00,33.149,33.160,33.139,33.143,94
2025-05-23 04:00:00,33.147,33.170,33.142,33.163,73
2025-05-23 04:15:00,33.164,33.188,33.156,33.177,111
2025-05-23 04:30:00,33.177,33.190,33.155,33.175,104
2025-05-23 04:45:00,33.175,33.190,33.164,33.176,75
2025-05-23 05:00:00,33.180,33.189,33.159,33.180,82
2025-05-23 05:15:00,33.180,33.203,33.176,33.203,78
2025-05-23 05:30:00,33.181,33.187,33.152,33.157,84
2025-05-23 05:45:00,33.169,33.207,33.169,33.189,104
2025-05-23 06:00:00,33.183,33.231,33.183,33.221,118
2025-05-23 06:15:00,33.221,33.224,33.158,33.184,113
2025-05-23 06:30:00,33.196,33.201,33.154,33.201,110
2025-05-23 06:45:00,33.201,33.224,33.161,33.202,115
2025-05-23 07:00:00,33.203,33.235,33.200,33.214,112
2025-05-23 07:15:00,33.208,33.300,33.193,33.254,111
2025-05-23 07:30:00,33.254,33.264,33.233,33.264,101
2025-05-23 07:45:00,33.264,33.264,33.222,33.233,122
2025-05-23 08:00:00,33.241,33.275,33.217,33.254,109
2025-05-23 08:15:00,33.249,33.251,33.179,33.212,118
2025-05-23 08:30:00,33.203,33.248,33.187,33.224,117
2025-05-23 08:45:00,33.221,33.221,33.174,33.220,121
2025-05-23 09:00:00,33.216,33.232,33.165,33.173,114
2025-05-23 09:15:00,33.159,33.163,33.100,33.139,102
2025-05-23 09:30:00,33.139,33.172,33.120,33.143,96
2025-05-23 09:45:00,33.142,33.159,33.114,33.158,95
2025-05-23 10:00:00,33.151,33.158,33.089,33.103,117
2025-05-23 10:15:00,33.095,33.168,33.076,33.160,102
2025-05-23 10:30:00,33.156,33.171,33.125,33.165,105
2025-05-23 10:45:00,33.155,33.156,33.110,33.110,119
2025-05-23 11:00:00,33.106,33.154,33.088,33.107,117
2025-05-23 11:15:00,33.099,33.114,33.073,33.114,76
2025-05-23 11:30:00,33.114,33.123,33.064,33.111,84
2025-05-23 11:45:00,33.078,33.141,33.005,33.094,10
2025-05-23 12:00:00,33.087,33.087,32.951,33.033,12
2025-05-23 12:15:00,33.065,33.159,33.042,33.131,25
2025-05-23 12:30:00,33.117,33.238,33.117,33.214,50
2025-05-23 12:45:00,33.206,33.214,33.070,33.156,39
2025-05-23 13:00:00,33.197,33.203,33.096,33.119,27
2025-05-23 13:15:00,33.112,33.193,33.101,33.193,55
2025-05-23 13:30:00,33.214,33.218,33.134,33.134,14
2025-05-23 13:45:00,33.120,33.126,33.045,33.089,36
2025-05-23 14:00:00,33.063,33.143,33.062,33.143,39
2025-05-23 14:15:00,33.139,33.268,33.139,33.230,58
2025-05-23 14:30:00,33.238,33.297,33.224,33.263,76
2025-05-23 14:45:00,33.251,33.317,33.251,33.317,72
2025-05-23 15:00:00,33.307,33.326,33.247,33.262,69
2025-05-23 15:15:00,33.263,33.319,33.245,33.319,108
2025-05-23 15:30:00,33.326,33.342,33.288,33.337,90
2025-05-23 15:45:00,33.337,33.365,33.306,33.315,100
2025-05-23 16:00:00,33.304,33.341,33.278,33.341,90
2025-05-23 16:15:00,33.334,33.403,33.334,33.394,106
2025-05-23 16:30:00,33.394,33.425,33.389,33.418,92
2025-05-23 16:45:00,33.418,33.425,33.371,33.391,106
2025-05-23 17:00:00,33.391,33.425,33.388,33.425,101
2025-05-23 17:15:00,33.421,33.455,33.416,33.440,101
2025-05-23 17:30:00,33.440,33.478,33.421,33.471,117
2025-05-23 17:45:00,33.466,33.487,33.445,33.452,96
2025-05-23 18:00:00,33.461,33.532,33.451,33.521,88
2025-05-23 18:15:00,33.521,33.528,33.491,33.507,85
2025-05-23 18:30:00,33.499,33.531,33.499,33.518,85
2025-05-23 18:45:00,33.518,33.518,33.482,33.486,80
2025-05-23 19:00:00,33.486,33.539,33.486,33.539,79
2025-05-23 19:15:00,33.539,33.543,33.505,33.513,77
2025-05-23 19:30:00,33.511,33.537,33.492,33.497,88
2025-05-23 19:45:00,33.489,33.498,33.451,33.486,105
2025-05-23 20:00:00,33.472,33.534,33.472,33.529,93
2025-05-23 20:15:00,33.529,33.529,33.488,33.500,81
2025-05-23 20:30:00,33.502,33.502,33.472,33.491,70
2025-05-23 20:45:00,33.509,33.530,33.408,33.490,79
2025-05-25 22:00:00,33.462,33.470,33.399,33.449,97
2025-05-25 22:15:00,33.449,33.465,33.407,33.443,110
2025-05-25 22:30:00,33.432,33.520,33.432,33.488,113
2025-05-25 22:45:00,33.494,33.559,33.465,33.496,114
2025-05-25 23:00:00,33.496,33.550,33.456,33.528,107
2025-05-25 23:15:00,33.512,33.550,33.492,33.550,89
2025-05-25 23:30:00,33.550,33.550,33.476,33.479,94
2025-05-25 23:45:00,33.470,33.475,33.426,33.439,107
2025-05-26 00:00:00,33.437,33.469,33.360,33.377,110
2025-05-26 00:15:00,33.373,33.423,33.357,33.394,114
2025-05-26 00:30:00,33.413,33.438,33.388,33.390,109
2025-05-26 00:45:00,33.394,33.448,33.392,33.448,99
2025-05-26 01:00:00,33.374,33.399,33.361,33.392,82
2025-05-26 01:15:00,33.393,33.457,33.389,33.457,110
2025-05-26 01:30:00,33.451,33.517,33.426,33.517,104
2025-05-26 01:45:00,33.517,33.546,33.498,33.519,93
2025-05-26 02:00:00,33.499,33.551,33.475,33.500,110
2025-05-26 02:15:00,33.491,33.549,33.470,33.539,119
2025-05-26 02:30:00,33.524,33.569,33.515,33.554,116
2025-05-26 02:45:00,33.553,33.572,33.515,33.516,107
2025-05-26 03:00:00,33.520,33.535,33.469,33.474,119
2025-05-26 03:15:00,33.474,33.475,33.439,33.455,83
2025-05-26 03:30:00,33.446,33.483,33.446,33.477,61
2025-05-26 03:45:00,33.477,33.485,33.459,33.466,74
2025-05-26 04:00:00,33.466,33.491,33.455,33.471,94
2025-05-26 04:15:00,33.471,33.513,33.466,33.508,84
2025-05-26 04:30:00,33.493,33.530,33.493,33.530,80
2025-05-26 04:45:00,33.530,33.532,33.492,33.503,57
2025-05-26 05:00:00,33.503,33.544,33.497,33.523,75
2025-05-26 05:15:00,33.523,33.533,33.502,33.502,77
2025-05-26 05:30:00,33.500,33.540,33.497,33.540,75
2025-05-26 05:45:00,33.533,33.551,33.513,33.542,98
2025-05-26 06:00:00,33.542,33.555,33.530,33.538,51
2025-05-26 06:15:00,33.535,33.535,33.480,33.516,92
2025-05-26 06:30:00,33.516,33.555,33.491,33.555,88
2025-05-26 06:45:00,33.555,33.555,33.474,33.483,112
2025-05-26 07:00:00,33.483,33.507,33.447,33.448,108
2025-05-26 07:15:00,33.442,33.461,33.367,33.414,110
2025-05-26 07:30:00,33.410,33.446,33.376,33.442,118
2025-05-26 07:45:00,33.443,33.535,33.441,33.510,105
2025-05-26 08:00:00,33.509,33.539,33.451,33.455,119
2025-05-26 08:15:00,33.465,33.473,33.430,33.439,114
2025-05-26 08:30:00,33.439,33.445,33.395,33.409,116
2025-05-26 08:45:00,33.413,33.477,33.406,33.456,107
2025-05-26 09:00:00,33.469,33.489,33.450,33.467,114
2025-05-26 09:15:00,33.465,33.476,33.286,33.286,88
2025-05-26 09:30:00,33.277,33.344,33.268,33.323,104
2025-05-26 09:45:00,33.320,33.336,33.291,33.323,110
2025-05-26 10:00:00,33.331,33.378,33.331,33.376,112
2025-05-26 10:15:00,33.371,33.373,33.331,33.333,94
2025-05-26 10:30:00,33.340,33.346,33.311,33.316,99
2025-05-26 10:45:00,33.319,33.367,33.315,33.358,97
2025-05-26 11:00:00,33.365,33.365,33.330,33.339,90
2025-05-26 11:15:00,33.350,33.353,33.337,33.338,85
2025-05-26 11:30:00,33.338,33.352,33.311,33.321,104
2025-05-26 11:45:00,33.320,33.373,33.320,33.357,98
2025-05-26 12:00:00,33.357,33.382,33.347,33.382,101
2025-05-26 12:15:00,33.382,33.396,33.337,33.343,119
2025-05-26 12:30:00,33.343,33.397,33.343,33.378,99
2025-05-26 12:45:00,33.387,33.407,33.377,33.406,109
2025-05-26 13:00:00,33.406,33.406,33.358,33.361,55
2025-05-26 23:45:00,33.359,33.426,33.359,33.418,27
2025-05-27 00:00:00,33.410,33.477,33.410,33.466,110
2025-05-27 00:15:00,33.462,33.462,33.409,33.442,102
2025-05-27 00:30:00,33.442,33.472,33.438,33.466,103
2025-05-27 00:45:00,33.471,33.521,33.461,33.511,105
2025-05-27 01:00:00,33.507,33.507,33.411,33.450,99
2025-05-27 01:15:00,33.442,33.442,33.377,33.402,106
2025-05-27 01:30:00,33.407,33.413,33.293,33.293,101
2025-05-27 01:45:00,33.293,33.342,33.287,33.342,94
2025-05-27 02:00:00,33.342,33.370,33.323,33.370,59
2025-05-27 02:15:00,33.390,33.400,33.380,33.396,72
2025-05-27 02:30:00,33.398,33.406,33.374,33.393,98
2025-05-27 02:45:00,33.381,33.422,33.381,33.398,69
2025-05-27 03:00:00,33.385,33.402,33.357,33.357,84
2025-05-27 03:15:00,33.361,33.385,33.346,33.379,106
2025-05-27 03:30:00,33.375,33.379,33.324,33.324,70
2025-05-27 03:45:00,33.323,33.335,33.314,33.320,80
2025-05-27 04:00:00,33.320,33.330,33.298,33.321,68
2025-05-27 04:15:00,33.321,33.354,33.321,33.354,51
2025-05-27 04:30:00,33.354,33.354,33.287,33.287,84
2025-05-27 04:45:00,33.287,33.299,33.242,33.267,99
2025-05-27 05:00:00,33.270,33.280,33.164,33.205,113
2025-05-27 05:15:00,33.205,33.215,33.175,33.188,113
2025-05-27 05:30:00,33.196,33.196,33.107,33.160,63
2025-05-27 05:45:00,33.160,33.232,33.137,33.228,68
2025-05-27 06:00:00,33.245,33.303,33.215,33.303,103
2025-05-27 06:15:00,33.299,33.325,33.283,33.297,74
2025-05-27 06:30:00,33.296,33.296,33.197,33.199,79
2025-05-27 06:45:00,33.179,33.179,33.085,33.133,59
2025-05-27 07:00:00,33.148,33.148,33.047,33.120,69
2025-05-27 07:15:00,33.120,33.120,33.042,33.082,54
2025-05-29 06:30:00,33.080,33.080,33.080,33.080,1
2025-05-31 13:00:00,32.880,32.880,32.880,32.880,1
2025-06-01 04:00:00,33.135,33.135,33.135,33.135,1
2025-06-02 00:00:00,33.080,33.133,33.073,33.122,101
2025-06-02 00:15:00,33.116,33.126,33.104,33.110,90
2025-06-02 00:30:00,33.110,33.110,33.006,33.052,102
2025-06-02 00:45:00,33.065,33.088,33.059,33.085,118
2025-06-02 01:00:00,33.086,33.128,33.074,33.116,109
2025-06-02 01:15:00,33.117,33.127,33.077,33.094,99
2025-06-02 01:30:00,33.098,33.111,33.036,33.049,108
2025-06-02 01:45:00,33.052,33.061,32.964,32.971,129
2025-06-02 02:00:00,32.997,33.050,32.993,33.050,123
2025-06-02 02:15:00,33.043,33.081,33.005,33.010,120
2025-06-02 02:30:00,33.016,33.054,33.014,33.021,114
2025-06-02 02:45:00,33.030,33.061,32.954,33.034,115
2025-06-02 03:00:00,33.033,33.070,33.009,33.029,119
2025-06-02 03:15:00,33.019,33.058,33.004,33.006,112
2025-06-02 03:30:00,33.007,33.007,32.966,32.983,128
2025-06-02 03:45:00,32.989,33.054,32.986,33.035,118
2025-06-02 04:00:00,33.034,33.124,33.034,33.089,98
2025-06-02 04:15:00,33.088,33.123,33.088,33.123,109
2025-06-02 04:30:00,33.105,33.139,33.098,33.126,112
2025-06-02 04:45:00,33.126,33.133,33.096,33.104,117
2025-06-02 05:00:00,33.104,33.132,33.095,33.121,102
2025-06-02 05:15:00,33.117,33.142,33.098,33.121,116
2025-06-02 05:30:00,33.117,33.155,33.098,33.147,93
2025-06-02 05:45:00,33.145,33.176,33.143,33.166,109
2025-06-02 06:00:00,33.173,33.194,33.153,33.157,116
2025-06-02 06:15:00,33.152,33.215,33.147,33.206,94
2025-06-02 06:30:00,33.206,33.225,33.203,33.219,112
2025-06-02 06:45:00,33.217,33.218,33.187,33.210,86
2025-06-02 07:00:00,33.218,33.343,33.216,33.343,85
2025-06-02 07:15:00,33.374,33.509,33.353,33.434,43
2025-06-02 07:30:00,33.448,33.530,33.448,33.483,80
2025-06-02 07:45:00,33.483,33.570,33.396,33.438,62
2025-06-02 08:00:00,33.423,33.512,33.420,33.427,85
2025-06-02 08:15:00,33.432,33.443,33.394,33.422,122
2025-06-02 08:30:00,33.431,33.445,33.393,33.421,109
2025-06-02 08:45:00,33.423,33.460,33.390,33.390,116
2025-06-02 09:00:00,33.390,33.425,33.352,33.372,116
2025-06-02 09:15:00,33.376,33.412,33.341,33.347,109
2025-06-02 09:30:00,33.344,33.344,33.276,33.280,97
2025-06-02 09:45:00,33.269,33.317,33.256,33.311,110
2025-06-02 10:00:00,33.316,33.327,33.243,33.277,99
2025-06-02 10:15:00,33.276,33.306,33.247,33.260,111
2025-06-02 10:30:00,33.255,33.279,33.198,33.248,101
2025-06-02 10:45:00,33.245,33.314,33.234,33.307,92
2025-06-02 11:00:00,33.272,33.286,33.239,33.286,100
2025-06-02 11:15:00,33.303,33.321,33.277,33.278,99
2025-06-02 11:30:00,33.289,33.349,33.265,33.272,102
2025-06-02 11:45:00,33.267,33.314,33.220,33.278,96
2025-06-02 12:00:00,33.299,33.406,33.272,33.380,90
2025-06-02 12:15:00,33.389,33.474,33.368,33.460,85
2025-06-02 12:30:00,33.473,33.676,33.460,33.661,39
2025-06-02 12:45:00,33.693,33.717,33.636,33.681,62
2025-06-02 13:00:00,33.694,33.930,33.683,33.930,34
2025-06-02 13:15:00,33.964,33.985,33.838,33.944,57
2025-06-02 13:30:00,33.937,34.103,33.852,34.103,20
2025-06-02 13:45:00,34.071,34.189,34.071,34.171,36
2025-06-02 14:00:00,34.199,34.199,34.152,34.159,7
2025-06-02 14:15:00,34.301,34.358,34.260,34.260,15
2025-06-02 14:30:00,34.262,34.417,34.262,34.397,23
2025-06-02 14:45:00,34.419,34.419,34.304,34.305,42
2025-06-02 15:00:00,34.316,34.403,34.316,34.387,44
2025-06-02 15:15:00,34.392,34.468,34.343,34.422,41
2025-06-02 15:30:00,34.414,34.435,34.372,34.435,70
2025-06-02 15:45:00,34.423,34.453,34.405,34.432,92
2025-06-02 16:00:00,34.435,34.484,34.350,34.360,104
2025-06-02 16:15:00,34.374,34.450,34.360,34.439,110
2025-06-02 16:30:00,34.435,34.498,34.433,34.460,87
2025-06-02 16:45:00,34.498,34.521,34.466,34.510,97
2025-06-02 17:00:00,34.508,34.574,34.502,34.525,100
2025-06-02 17:15:00,34.520,34.617,34.519,34.534,89
2025-06-02 17:30:00,34.566,34.601,34.546,34.572,101
2025-06-02 17:45:00,34.572,34.587,34.526,34.566,99
2025-06-02 18:00:00,34.549,34.579,34.532,34.541,98
2025-06-02 18:15:00,34.541,34.623,34.536,34.614,101
2025-06-02 18:30:00,34.626,34.665,34.618,34.665,101
2025-06-02 18:45:00,34.659,34.665,34.618,34.632,106
2025-06-02 19:00:00,34.633,34.696,34.622,34.692,93
2025-06-02 19:15:00,34.692,34.704,34.681,34.697,104
2025-06-02 19:30:00,34.689,34.738,34.676,34.726,86
2025-06-02 19:45:00,34.735,34.752,34.718,34.741,108
2025-06-02 20:00:00,34.745,34.788,34.732,34.788,94
2025-06-02 20:15:00,34.783,34.793,34.741,34.741,91
2025-06-02 20:30:00,34.725,34.759,34.710,34.738,97
2025-06-02 20:45:00,34.733,34.783,34.721,34.764,101
2025-06-02 22:00:00,34.764,34.764,34.690,34.719,72
2025-06-02 22:15:00,34.719,34.764,34.684,34.752,60
2025-06-02 22:30:00,34.734,34.764,34.728,34.728,45
2025-06-02 22:45:00,34.737,34.745,34.723,34.723,42
2025-06-02 23:00:00,34.723,34.758,34.715,34.750,91
2025-06-02 23:15:00,34.744,34.763,34.724,34.724,109
2025-06-02 23:30:00,34.727,34.727,34.648,34.689,110
2025-06-02 23:45:00,34.693,34.736,34.680,34.730,115
2025-06-03 00:00:00,34.730,34.747,34.640,34.655,103
2025-06-03 00:15:00,34.652,34.667,34.640,34.667,30
2025-06-03 17:45:00,34.681,34.681,34.427,34.427,2
2025-06-03 22:15:00,34.168,34.168,34.168,34.168,1
2025-06-04 08:00:00,34.025,34.483,34.025,34.455,43
2025-06-04 08:15:00,34.464,34.491,34.446,34.459,120
2025-06-04 08:30:00,34.467,34.514,34.449,34.514,105
2025-06-04 08:45:00,34.507,34.564,34.507,34.550,112
2025-06-04 09:00:00,34.533,34.538,34.486,34.502,109
2025-06-04 09:15:00,34.498,34.517,34.472,34.513,107
2025-06-04 09:30:00,34.502,34.533,34.469,34.524,118
2025-06-04 09:45:00,34.525,34.546,34.495,34.525,118
2025-06-04 10:00:00,34.522,34.544,34.509,34.536,123
2025-06-04 10:15:00,34.539,34.561,34.496,34.501,120
2025-06-04 10:30:00,34.497,34.511,34.421,34.421,116
2025-06-04 10:45:00,34.417,34.421,34.194,34.363,58
2025-06-04 11:00:00,34.351,34.382,34.333,34.349,102
2025-06-04 11:15:00,34.342,34.361,34.255,34.302,99
2025-06-04 11:30:00,34.287,34.328,34.273,34.325,109
2025-06-04 11:45:00,34.335,34.409,34.329,34.376,118
2025-06-04 12:00:00,34.361,34.401,34.338,34.379,89
2025-06-04 12:15:00,34.377,34.394,34.273,34.278,22
2025-06-04 12:30:00,34.282,34.332,34.228,34.261,68
2025-06-04 12:45:00,34.263,34.344,34.250,34.343,81
2025-06-04 13:00:00,34.370,34.464,34.360,34.394,69
2025-06-04 13:15:00,34.395,34.457,34.375,34.449,69
2025-06-04 13:30:00,34.449,34.479,34.400,34.403,61
2025-06-04 13:45:00,34.420,34.456,34.405,34.423,66
2025-06-04 14:00:00,34.376,34.507,34.376,34.507,15
2025-06-04 14:15:00,34.565,34.570,34.456,34.510,51
2025-06-04 14:30:00,34.498,34.555,34.487,34.555,48
2025-06-04 14:45:00,34.547,34.547,34.465,34.501,73
2025-06-04 15:00:00,34.500,34.521,34.397,34.402,102
2025-06-04 15:15:00,34.413,34.424,34.374,34.420,69
2025-06-04 15:30:00,34.419,34.421,34.382,34.408,53
2025-06-05 16:00:00,34.414,34.414,34.414,34.414,1
2025-07-16 00:30:00,34.071,34.071,34.071,34.071,1
2025-07-25 11:15:00,34.461,34.461,34.461,34.461,1
2025-08-13 01:30:00,34.115,34.115,34.115,34.115,1
2025-08-15 07:15:00,34.169,34.169,34.169,34.169,2
2025-09-02 19:15:00,33.849,33.849,33.849,33.849,1
2025-09-03 16:30:00,34.033,34.033,34.033,34.033,1
2025-09-15 05:00:00,34.522,34.522,34.522,34.522,1
2025-09-16 17:15:00,34.691,34.691,34.691,34.691,1
2025-09-18 06:30:00,34.657,34.657,34.657,34.657,1
2025-09-18 14:30:00,34.242,34.242,34.242,34.242,1
2025-09-22 07:15:00,34.549,34.549,34.549,34.549,1
2025-10-27 23:30:00,34.621,34.621,34.621,34.621,1
2025-11-21 18:00:00,34.467,34.467,34.467,34.467,1
2025-11-24 20:00:00,34.943,34.943,34.943,34.943,1
2025-12-04 11:30:00,34.535,34.535,34.535,34.535,1
2025-12-08 09:30:00,35.005,35.005,35.005,35.005,1
